sum.of.sum,mean.of.sum,std.of.sum,min.of.sum,max.of.sum,kurtosis.of.sum,skew.of.sum,sum.of.mean,mean.of.mean,std.of.mean,min.of.mean,max.of.mean,kurtosis.of.mean,skew.of.mean,sum.of.std,mean.of.std,std.of.std,min.of.std,max.of.std,kurtosis.of.std,skew.of.std,sum.of.min,mean.of.min,std.of.min,min.of.min,max.of.min,kurtosis.of.min,skew.of.min,sum.of.max,mean.of.max,std.of.max,min.of.max,max.of.max,kurtosis.of.max,skew.of.max,sum.of.kurtosis,mean.of.kurtosis,std.of.kurtosis,min.of.kurtosis,max.of.kurtosis,kurtosis.of.kurtosis,skew.of.kurtosis,sum.of.skewness,mean.of.skewness,std.of.skewness,min.of.skewness,max.of.skewness,kurtosis.of.skewness,skew.of.skewness,numFeatures,logNumFeatures,numPatterns,logNumPatterns,numNumericFeatures,numCatFeatures,classProbMin,classProbMax,classProbMean,classProbStd,Class.Entropy,sum.of.Levels,mean.of.Levels,std.of.Levels,min.of.Levels,max.of.Levels,kurtosis.of.Levels,skew.of.Levels,Class
11,0.5789473684,0.5072572735,0,1,-2.0107025938,-0.2948887978,11,0.5789473684,0.5072572735,0,1,-2.0107025938,-0.2948887978,0,0,0,0,0,0,0,11,0.5789473684,0.5072572735,0,1,-2.0107025938,-0.2948887978,11,0.5789473684,0.5072572735,0,1,-2.0107025938,-0.2948887978,0,0,0,0,0,0,0,0,0,0,0,0,0,0,4,1.3862943611,19,2.9444389792,0,0,0.4210526316,0.5789473684,0.5,0.1116484391,0.6806294879,8,2,0,2,2,0,0,12167.0878589
7,0.3684210526,0.4955946278,0,1,-1.8353779185,0.5030471786,7,0.3684210526,0.4955946278,0,1,-1.8353779185,0.5030471786,0,0,0,0,0,0,0,7,0.3684210526,0.4955946278,0,1,-1.8353779185,0.5030471786,7,0.3684210526,0.4955946278,0,1,-1.8353779185,0.5030471786,0,0,0,0,0,0,0,0,0,0,0,0,0,0,4,1.3862943611,19,2.9444389792,0,0,0.3684210526,0.6315789474,0.5,0.1860807319,0.6581099875,8,2,0,2,2,0,0,12167.0878589
869171.605,1261.4972496372,5420.0480329843,18.75,102238.75,292.5067957732,23.5887638491,57944.7736666667,84.0998166425,361.3365355323,1.25,6815.9166666667,19.5004530515,1.5725842566,180935.245082224,262.6055806709,1343.1306347328,3.4910600109,25783.9402206217,55.0428460239,3.6395052601,295,0.4281567489,0.2990178678,0,1,-1.9937303147,-1.9340937398,701473,1018.1030478955,5213.8823483065,13.75,100001,212.1734195339,13.0742533152,7.6771541769,7.6771541769,8.3627634439,7.9675739645,8.3778484066,7.0281599486,3.8113810364,2.9783832285,2.9783832285,3.1271563107,3.032654682,3.130708138,2.8363353876,2.0417665752,14,2.6390573296,689,6.535241271,12,0,0.4455732946,0.5544267054,0.5,0.0769709849,0.6872108922,0,0,0,0,0,0,0,7.9910886942
26704795.466,6483.3200937121,542.1883665774,5021.236,10073.412,85.7282825179,4.8100176739,2670479.5466,648.3320093712,54.2188366577,502.1236,1007.3412,8.5728282518,0.4810017674,6654386.68975598,1615.5345204555,93.0224795343,1567.9945610328,1870.0520932774,11.8069200309,2.7140336152,-166815.8,-40.4991017237,0.5417883234,-50.8,-26.9,-1.3969068153,-4.7716618367,21280738.1,5166.4816945861,254.7037361207,4963.6,5228.1,25.2386656151,4.0200492427,3.135010911,3.135010911,-0.2968654267,3.5636961064,0.0426683096,-1.9888136573,-0.8910807729,2.1439242408,2.1439242408,1.209118703,2.2747199512,1.3289450188,0.3727345499,-0.2119088809,20,2.9957322736,4119,8.3233656944,5,0,0.1094925953,0.8905074047,0.5,0.5522608679,0.3454531684,55,5,3.4351128075,2,12,-0.8232482829,0.9150492449,2745909.88844
115999.5298,110.0564798861,65.3863470796,15.1039,679.0815,1819.1465028101,155.2364001592,2829.2568243902,2.6843043875,1.5947889532,0.3683878049,16.5629634146,44.3694268978,3.7862536624,6332.1025530078,6.0076874317,2.3521595205,1.4412860286,26.3536486934,126.9682473159,4.7776528531,-207.971,-0.1973159393,0.0301553956,-5.256,1,-0.232420372,-1.7558065448,39062.3,37.0610056926,11.8984571703,4.917,147,806.6664826076,26.7594404251,23.263823334,23.263823334,8.7637326204,6.4258548553,12.3675952667,28.7450802979,10.6200808265,4.6293039878,4.6293039878,2.8866383125,-0.1476670674,3.2745978008,5.3028959389,2.790838072,41,3.7135720667,1054,6.9603477291,24,0,1,1,1,0,0,1,1,0,1,1,0,0,270995.007659
0,0,0,0,0,0,0,0,0,0,0,0,0,0,0,0,0,0,0,0,0,0,0,0,0,0,0,0,0,0,0,0,0,0,0,0,0,0,0,0,0,0,0,0,0,0,0,0,0,15,2.7080502011,691,6.5381398238,0,0,0.001447178,0.5542691751,0.3333333333,0.2926354715,0.6969825743,1194,74.625,111.7078779675,3,351,-0.0545891158,1.1758498271,17.9961140988
4116.1115036072,3.0022695139,15.6197806938,-34.6495,41.1533,-1.4137239762,-0.252232302,823.2223007214,0.6004539028,3.1239561388,-6.9299,8.23066,-0.2827447952,-0.0504464604,1628.1443117044,1.187559673,2.0593155116,5.0046593895,7.1413363321,1.2233693029,0.7792097333,-1634.5057555,-1.1921996758,0.4971394585,-13.7731,1,-1.9524120275,-1.0190342542,2628.8023815172,1.9174342681,5.868358596,0,17.9274,1.254325973,1.085469261,-1.6176523238,-1.6176523238,-1.8054263988,-1.5610801133,-1.9855583467,-1.7724015911,-1.6088615678,-0.3550002062,-0.3550002062,0.0715187438,0.0200038649,0.2432396974,-0.0746780526,0.2266745703,4,1.3862943611,1371,7.2232956796,1,0,0.4449307075,0.5550692925,0.5,0.0778797403,0.6870696043,0,0,0,0,0,0,0,12167.0878589
2553844.4324348,958.2905937842,546.8395453678,469.8033033145,3156.3862110922,-4.5974948781,4.2698005079,425640.738739133,159.715098964,91.139924228,78.3005505524,526.0643685154,-0.7662491463,0.711633418,754506.14497552,283.116752336,140.3113664266,171.3866054918,798.5095605054,0.4806396816,0.1027524553,10.7319824157,0.0040270103,0.0006105727,0,0.0053777588,-1.6850890428,0.5617319987,1913220.74285714,717.9064701153,292.6817183938,427.5,1697.25,-0.2763648392,0.8416140726,-0.4300567751,-0.4300567751,-1.901510252,-0.1017523825,-1.8740292446,-0.5851898621,-1.7360155457,1.1807301174,1.1807301174,0.5598915203,1.3496914683,0.5700961487,-0.9672519007,-0.1466146021,6,1.7917594692,2665,7.8879593366,1,0,0.364727955,0.635272045,0.5,0.1913035607,0.6560900721,1,1,0,1,1,0,0,381.70382609
6291545.63930855,772.6324007502,516.0346434645,448.4976741269,3638.1373093466,4.1633174932,6.3626804472,1048590.93988476,128.7720667917,86.0057739108,74.7496123545,606.3562182244,0.6938862489,1.0604467412,1939938.99474659,238.233942619,135.9244451534,165.8185334933,927.5796826957,2.5273021241,0.7852366892,31.4523918816,0.0038625067,0.0008523313,0,0.0064760132,-0.9325524995,0.2719174644,4939106.05833333,606.5462431946,314.3208768811,412.75,2028.5,5.7689745166,2.38003245,-0.2626974723,-0.2626974723,-1.5060538857,-0.0974273359,-1.7933172903,-0.2380369551,-1.4169510116,1.2627312124,1.2627312124,0.7160621321,1.3522960491,0.6016803407,1.2613684587,0.5302043361,6,1.7917594692,8143,9.0049139415,1,0,0.2123296083,0.7876703917,0.5,0.4068273695,0.5170269155,1,1,0,1,1,0,0,1440.74644395
12888,201.375,819.6261578358,0,4703,188454.453051262,28649.2967675653,2.7403784818,0.0428184138,0.1742773034,0,1,40.0711148312,6.0917067335,4.327707467,0.0676204292,0.081365026,0,0,21.509615684,2.0823799264,1,0.015625,0.125,0,1,-2.0310058594,-2.4446935106,57,0.890625,0.5039526307,0,1,57.0930175781,7.62890625,35.0445639456,35.0445639456,3.7007740168,0,0,-1.2653015558,-0.0232305646,5.0249051795,5.0249051795,2.0173937424,0,0,-0.645974352,-1.056592836,4702,8.4557432291,64,4.1588830834,4703,0,0.453125,0.546875,0.5,0.0662912607,0.6887461893,0,0,0,0,0,0,0,40069.7051329
11893,185.828125,673.348902443,0,3722,145762.966029474,22201.7905541695,3.195325094,0.0499269546,0.1809105058,0,1,39.1625378908,5.9650162693,5.4014092007,0.0843970188,0.0907017298,0,0,22.2547637258,2.2293072443,1,0.015625,0.125,0,1,-2.0310058594,-3.5303947561,60,0.9375,0.5039526307,0,1,57.0930175781,7.62890625,26.6936563444,26.6936563444,2.7478680879,0,0,-1.3321075114,-0.0824644779,4.5246860629,4.5246860629,1.8616941398,0,0,-0.6075338059,-1.0392497813,3721,8.2217477283,64,4.1588830834,3722,0,0.453125,0.546875,0.5,0.0662912607,0.6887461893,0,0,0,0,0,0,0,246383.889147
435,6.796875,35.4976143671,0,230,10487.2533520945,1525.03419943,1.8913043478,0.0295516304,0.1543374538,0,1,45.5967537048,6.6305834758,2.6698074188,0.0417157409,0.0597400307,0,0,18.8005757776,1.712216414,1,0.015625,0.125,0,1,-1.9966375943,0.183932762,29,0.453125,0.5017331074,0,1,57.0930175781,7.62890625,52.2876084598,52.2876084598,9.4066678984,0,0,-0.3436078156,1.1893113158,6.3943649184,6.3943649184,2.7900054403,0,0,-1.1596188447,-1.5006967351,229,5.4337220036,64,4.1588830834,230,0,0.453125,0.546875,0.5,0.0662912607,0.6887461893,0,0,0,0,0,0,0,12167.0878589
5078,42.3166666667,5.0028964375,35,50,-2.8949973993,0.2459070805,2539,21.1583333333,2.5014482188,17.5,25,-1.4474986996,0.1229535402,2913.2799384886,24.2773328207,0.8797095929,24.7487373415,22.627416998,0.1133445683,0.0086647356,479,3.9916666667,1.8793996002,0,9,-1.5276454125,0.1168266469,4599,38.325,3.1234968374,35,41,-1.3673519867,0.1290804336,-2.75,-2.75,-2.75,-2.75,-2.75,-2.75,-2.75,0,0,-1.83461427696413E-016,0,0,0,-1.20034583880831E-015,8,2.0794415417,120,4.7874917428,2,0,0.4916666667,0.5083333333,0.5,0.011785113,0.6930082852,14,2,0,2,2,0,0,12167.0878589
5078,42.3166666667,5.0028964375,35,50,-2.8949973993,0.2459070805,2539,21.1583333333,2.5014482188,17.5,25,-1.4474986996,0.1229535402,2913.2799384886,24.2773328207,0.8797095929,24.7487373415,22.627416998,0.1133445683,0.0086647356,479,3.9916666667,1.8793996002,0,9,-1.5276454125,0.1168266469,4599,38.325,3.1234968374,35,41,-1.3673519867,0.1290804336,-2.75,-2.75,-2.75,-2.75,-2.75,-2.75,-2.75,0,0,-1.83461427696413E-016,0,0,0,-1.20034583880831E-015,8,2.0794415417,120,4.7874917428,2,0,0.4166666667,0.5833333333,0.5,0.1178511302,0.679193266,14,2,0,2,2,0,0,12167.0878589
905343222.0267,60436.7971980441,24742.5361419541,29024.6067,3064308.59,124605.892469346,1004.3264715103,60356214.80178,4029.1198132029,1649.5024094636,1934.97378,204287.239333333,8307.0594979564,66.9550981007,16928936.974345,1130.1026017587,2122.5614051312,1197.7882445627,259432.387693176,6398.220229438,55.1404683162,6723,0.4487983979,0.4973880889,0,1,-1.9577489802,-13.6124341941,69567455.24,4644.0223791722,5891.2850425235,4567.18,715897,14972.1795195958,122.3632677395,7.7843312684,7.7843312684,-0.9661150813,-0.4206688095,-1.0004498144,-2.0455740365,-1.8993132508,-2.9832016886,-2.9832016886,0.8113379758,0.2606591274,0.7972436983,0.0679435772,-0.0794318074,14,2.6390573296,14980,9.6144712571,1,0,0.4487983979,0.5512016021,0.5,0.0724100002,0.68789477,0,0,0,0,0,0,0,235584.291586
5078,42.3166666667,5.0028964375,35,50,-2.8949973993,0.2459070805,2539,21.1583333333,2.5014482188,17.5,25,-1.4474986996,0.1229535402,2913.2799384886,24.2773328207,0.8797095929,24.7487373415,22.627416998,0.1133445683,0.0086647356,479,3.9916666667,1.8793996002,0,9,-1.5276454125,0.1168266469,4599,38.325,3.1234968374,35,41,-1.3673519867,0.1290804336,-2.75,-2.75,-2.75,-2.75,-2.75,-2.75,-2.75,0,0,-1.83461427696413E-016,0,0,0,-1.20034583880831E-015,8,2.0794415417,120,4.7874917428,2,0,0.4166666667,0.5833333333,0.5,0.1178511302,0.679193266,14,2,0,2,2,0,0,0.0113167046
36904,120.6013071895,21.6844096376,89,206,8.802151487,4.2391319512,9226,30.1503267974,5.4211024094,22.25,51.5,2.2005378717,1.0597829878,9810.9850337942,32.0620425941,4.5316001724,27.5967993313,35.3506246998,6.1537857911,1.3405329721,387,1.2647058824,0.4418991189,0,2,-1.1324380183,0.0779844358,19233,62.8529411765,10.8034523493,58,83,11.4257765493,2.9546334711,-2.3959391639,-2.3959391639,-2.1190857595,-2.1008561058,-1.8662635412,-1.6892663788,-1.8758743165,0.0314319674,0.0314319674,0.0745973832,0.3038618266,-0.4791688178,0.7473502739,0.5284052613,3,1.0986122887,306,5.723585102,4,0,0.2647058824,0.7352941176,0.5,0.3327561323,0.5779217947,0,0,0,0,0,0,0,12167.0878589
161976.5,599.912962963,110.207645208,326,1073.2,-1.0733660303,5.7113656994,11569.75,42.8509259259,7.8719746577,23.2857142857,76.6571428571,-0.0766690022,0.4079546928,21085.0976838273,78.0929543845,14.5486926026,42.0758080894,157.5516995211,1.8798531833,0.8315508186,40,0.1481481481,0.355906477,0,1,-1.9980172409,-0.8690272653,67408,249.6592592593,51.6862371164,126,564,4.7257213025,1.9698922022,0.9376898372,0.9376898372,3.0184432368,0.2856159371,3.6287839553,0.440133224,-1.1191801399,1.5070832171,1.5070832171,1.9754189209,1.3700540369,2.1111536106,1.0658555606,0.0806703001,13,2.5649493575,270,5.598421959,13,0,0.4444444444,0.5555555556,0.5,0.0785674201,0.6869615766,0,0,0,0,0,0,0,17.9961140988
483053147.37,797117.40490099,1790931.78369734,84.47,11293088.11,956.2025467438,302.3004451354,4782704.42940594,7892.2515336732,17731.9978583895,0.8363366337,111812.753564356,9.467351948,2.9930737142,481639.449777368,794.7845705897,1794.3083201357,0.1272063109,12255.1424382542,1.2819104041,0.3039681613,299,0.4933993399,0.5003694459,0,1,-2.0026026852,0.0263396094,4924953.59,8126.9861221122,18501.3049953585,0.98,128075.46,11.5414654134,3.2281569722,93.244938864,93.244938864,91.4233410108,16.8622257041,65.6903111302,60.6337526314,86.8514187095,-9.690573144,-9.690573144,-9.5497016729,-3.3017400344,-7.4888692093,-6.9873893133,-9.1896522152,100,4.605170186,606,6.4068799861,1,0,0.4933993399,0.5066006601,0.5,0.009334743,0.6930600406,0,0,0,0,0,0,0,1636480.67071
504087827.38918,831828.098001948,1899176.03607641,86.996570088,12350744.9156,1027.479056615,311.4886648612,4990968.58801169,8235.9217623955,18803.7231294694,0.8613521791,122284.603124752,10.1730599665,3.0840461867,502078.403623924,828.5122172012,1899.8839093274,0.121016194,17597.3564261502,1.5562441999,0.320598042,301,0.49669967,0.5004021512,0,1,-2.0031238993,0.013168944,5105767.46434657,8425.358852057,19649.3237155354,0.943662935,164627.0536,14.1826753168,3.4532614247,93.6558462148,93.6558462148,91.9966541247,23.8953975468,21.3147299254,35.2587657146,80.4008298545,-9.7222755889,-9.7222755889,-9.5926882385,-4.1404316577,-2.6968829712,-4.1663060004,-8.6393457473,100,4.605170186,606,6.4068799861,1,0,0.49669967,0.50330033,0.5,0.0046673715,0.693125396,0,0,0,0,0,0,0,3072203.69562
0,0,0,0,0,0,0,0,0,0,0,0,0,0,0,0,0,0,0,0,0,0,0,0,0,0,0,0,0,0,0,0,0,0,0,0,0,0,0,0,0,0,0,0,0,0,0,0,0,16,2.7725887222,434,6.0730445341,0,0,0.3847926267,0.6152073733,0.5,0.1629278298,0.6663616805,50,2.9411764706,0.242535625,2,3,10.3425605536,-3.4240323535,12167.0878589
2950.2877,8.4293934286,17.3693002009,-32,33,10.3936631178,-19.1505983113,86.7731676471,0.2479233361,0.5108617706,-0.9411764706,0.9705882353,0.3149594884,-0.5803211609,86.5014146884,0.2471468991,0.111336163,0.2388325736,0.1714985851,1.067314631,0.6397555563,-24.47488,-0.0699282286,0,-1,0,-0.6992767738,-2.5056334685,312,0.8914285714,0.653612491,0,1,4.2904820651,0.1063139146,-0.6539684142,-0.6539684142,10.5635719588,11.1895004325,27.1738754325,4.3768454004,0.5546374801,0.4736963594,0.4736963594,-2.8119073073,3.5857813327,-5.3265442915,2.0808150836,-0.9706180736,34,3.5263605246,350,5.8579331545,2,0,1,1,1,0,0,1,1,0,1,1,0,0,11.6518647731
0,0,0,0,0,0,0,0,0,0,0,0,0,0,0,0,0,0,0,0,0,0,0,0,0,0,0,0,0,0,0,0,0,0,0,0,0,0,0,0,0,0,0,0,0,0,0,0,0,5,1.6094379124,100,4.605170186,0,0,0.32,0.68,0.5,0.2545584412,0.6268694576,17,2.8333333333,1.1690451945,2,5,-0.90427325,0.8808986197,381.70382609
339210.613973,294.7094821659,229.30593,6.774942,1516.264529,939.1930271819,38.9757135296,16960.53069865,14.7354741083,11.4652965,0.3387471,75.81322645,46.9596513591,1.9487856765,21729.2071733763,18.878546632,14.9163912682,0.4568543684,96.5311918278,81.8406048223,6.0955986393,42.846132,0.0372251364,0.0179448495,0,0.219199,-1.9864848659,-16.852653862,73775.272141,64.0966743189,58.4852892696,1,403.939108,282.257172233,11.9331467951,-0.1437354623,-0.1437354623,2.1938109151,-1.509931336,3.8875899071,1.2930431811,2.3850401405,0.9683248013,0.9683248013,1.4941185983,0.6738721105,1.8561798053,1.566169478,-0.9304000013,19,2.9444389792,1151,7.0483864087,10,0,0.4691572546,0.5308427454,0.5,0.0436182289,0.6912434223,0,0,0,0,0,0,0,4236.70129781
339210.613973,294.7094821659,229.30593,6.774942,1516.264529,939.1930271819,38.9757135296,16960.53069865,14.7354741083,11.4652965,0.3387471,75.81322645,46.9596513591,1.9487856765,21729.2071733763,18.878546632,14.9163912682,0.4568543684,96.5311918278,81.8406048223,6.0955986393,42.846132,0.0372251364,0.0179448495,0,0.219199,-1.9864848659,-16.852653862,73775.272141,64.0966743189,58.4852892696,1,403.939108,282.257172233,11.9331467951,-0.1437354623,-0.1437354623,2.1938109151,-1.509931336,3.8875899071,1.2930431811,2.3850401405,0.9683248013,0.9683248013,1.4941185983,0.6738721105,1.8561798053,1.566169478,-0.9304000013,19,2.9444389792,1151,7.0483864087,10,0,0.4691572546,0.5308427454,0.5,0.0436182289,0.6912434223,0,0,0,0,0,0,0,4236.70129781
1503,12.1209677419,5.0873830564,6,18,-11.9283072587,-0.2247778105,214.7142857143,1.7315668203,0.7267690081,0.8571428571,2.5714285714,-1.7040438941,-0.0321111158,80.7995756707,0.6516094812,0.2379397629,0.377964473,0.9759000729,0.2818000958,0.1200338676,62,0.5,0.4996720666,0,1,-2.0160639958,-0.1921135139,317,2.5564516129,1.1283661067,1,4,-1.3982745278,0.116725671,-0.7857476919,-0.7857476919,-1.4834654738,0.7959183673,-1.3340816327,-2.1470339693,-1.7372901968,-0.6460793745,-0.6460793745,0.3463480389,-1.6198477415,-0.1693883698,-0.1627459752,-0.1337942521,6,1.7917594692,124,4.8202815656,7,0,0.5,0.5,0.5,0,0.6931471806,0,0,0,0,0,0,0,1103145.13223
2006,11.8698224852,5.0229693367,6,18,-11.5837885229,0.4223747379,286.5714285714,1.6956889265,0.7175670481,0.8571428571,2.5714285714,-1.6548269318,0.0603392483,113.2664368394,0.6702156026,0.2302627709,0.377964473,0.9759000729,0.2776423449,0.1957060196,64,0.3786982249,0.4865042554,0,1,-2.0116609033,-0.076201882,418,2.4733727811,1.0968845967,1,4,-1.3265907925,0.4957161703,-0.5895223928,-0.5895223928,-1.5677032445,0.7959183673,-1.3340816327,-1.8567788017,0.5467142323,-0.8252768881,-0.8252768881,0.2895794498,-1.6198477415,-0.1693883698,-0.2611799119,1.4917119035,6,1.7917594692,169,5.1298987149,7,0,0.3786982249,0.6213017751,0.5,0.1715466156,0.6634232469,0,0,0,0,0,0,0,165.515935087
1450,11.8852459016,5.1023784449,6,18,-11.9863061412,0.2607201119,207.1428571429,1.6978922717,0.7289112064,0.8571428571,2.5714285714,-1.7123294487,0.0372457303,77.0636718812,0.6316694416,0.2404160947,0.377964473,0.9759000729,0.2808791005,0.1023139364,60,0.4918032787,0.5009812888,0,1,-2.0152685427,-0.0648040309,302,2.4754098361,1.1370042903,1,4,-1.4167215264,0.2097854058,-0.7482118267,-0.7482118267,-1.4620074213,0.7959183673,-1.3340816327,-2.1625491374,-1.4630268449,-0.6950202504,-0.6950202504,0.360531491,-1.6198477415,-0.1693883698,-0.1725825236,0.4852788569,6,1.7917594692,122,4.8040210447,7,0,0.4918032787,0.5081967213,0.5,0.0115919144,0.6930128021,0,0,0,0,0,0,0,12.888789115
276660.701,360.2352877604,206.3468951809,21.078,1434.52,20.2745136318,4.8499827096,30740.0778888889,40.0261430845,22.9274327979,2.342,159.3911111111,2.2527237369,0.5388869677,32019.1736913997,41.6916324107,36.0792507611,6.9967975532,265.2148962843,3.0848575578,1.2367453609,268,0.3489583333,0.331328595,0,1,-1.6019761684,-1.8364126411,92847,120.89453125,115.2440023513,21,846,7.1331349154,2.2633825834,-1.0591390916,-1.0591390916,1.8109516363,2.6294845071,2.0310601079,-1.6925247536,-0.8488011461,0.6691341463,0.6691341463,1.7790587902,2.0740198042,1.8552289513,0.2987834313,-0.3796498367,8,2.0794415417,768,6.6437897331,7,0,0.3489583333,0.6510416667,0.5,0.2136051735,0.6467994207,0,0,0,0,0,0,0,15.5713483093
0,0,0,0,0,0,0,0,0,0,0,0,0,0,0,0,0,0,0,0,0,0,0,0,0,0,0,0,0,0,0,0,0,0,0,0,0,0,0,0,0,0,0,0,0,0,0,0,0,6,1.7917594692,250,5.5214609179,0,0,0.428,0.572,0.5,0.1018233765,0.6827430482,20,2.8571428571,0.377964473,2,3,0.7959183673,-1.6198477415,12167.0878589
258539259,100053.892801858,269718.448261433,-90,3404280,647.2420624379,64.6448004828,17235950.6,6670.2595201238,17981.2298840955,-6,226952,53.9368385365,5.3870667069,59886393.8768245,23175.8490235389,58843.7874597733,44.6382283315,670096.87107473,70.7975111137,4.1227722909,0,0,0,-96,0,5.9046722426,2.2300488875,233186680,90242.5232198142,229200.508894476,100,2595650,210.1729086239,14.5633640314,8.2777213838,8.2777213838,8.0741569086,1.3234918549,7.4197489123,-0.4158507642,-0.4276692997,3.1071910991,3.1071910991,3.0606400015,-0.1979473611,2.9160717463,1.1449276378,1.0803965591,18,2.8903717579,2584,7.8570938649,13,0,0.0657894737,0.9342105263,0.5,0.6140664152,0.2426088557,10,2.5,0.5773502692,2,3,-2.4375,0,0.0113167046
127,9.0714285714,5.1294926276,2,17,-3.7309300841,0.0377271238,18.1428571429,1.2959183673,0.7327846611,0.2857142857,2.4285714286,-0.6218216807,0.006287854,9.4591855081,0.6756561077,0.4962274713,0.4879500365,1.133893419,1.8644086592,0.5065001087,8,0.5714285714,0,0,1,-2.0659013605,-0.8495546344,36,2.5714285714,1.3424596091,1,4,3.0357142857,0.5510141474,-0.9318766704,-0.9318766704,-1.630832403,-1.6040816327,-1.574452003,-0.4458531621,-1.3512497101,0.7188494862,0.7188494862,0.015373447,0.7528371991,0.4439582699,1.13337708,-0.5414908408,6,1.7917594692,14,2.6390573296,7,0,0.4285714286,0.5714285714,0.5,0.1010152545,0.6829081047,0,0,0,0,0,0,0,12167.0878589
3510.8897,16.8792774038,8.5342696203,1.1366,39.3494,128.6331625058,57.19884467,58.5148283333,0.2813212901,0.142237827,0.0189433333,0.6558233333,2.1438860418,0.9533140778,47.357698375,0.2276812422,0.0951441853,0.0212997523,0.3769098855,4.1554780251,0.9395120999,1.3535,0.0065072115,0.0050310433,0,0.0352,-1.2270893058,-0.7775666759,146.0482,0.7021548077,0.2641209697,0.0921,1,19.9896331668,3.3527917463,-1.1251032235,-1.1251032235,-1.5502024413,0.7436968795,-1.335936751,5.4561544727,-0.3626031837,0.3956187687,0.3956187687,-0.2053490212,1.1154535432,-0.5781171481,2.2399864046,0.0844575815,60,4.0943445622,208,5.3375380797,0,0,1,1,1,0,0,1,1,0,1,1,0,0,165.515935087
1614895.538,350.987945664,866.5465662433,3,27585.698,13723.8273637908,637.6562565228,27843.0265172414,6.0515163046,14.9404580387,0.0517241379,475.6154827586,236.6177131688,10.9940733883,173318.395952711,37.6697230934,83.1122744685,0.2234037956,2438.0905475256,295.8935114377,7.0357298879,25.05,0.0054444686,0.0762742706,0,1,-1.8124467589,0.4335285733,1303414,283.2892849381,606.3478507248,1,15841,1478.3880405254,31.0418137486,47.6231561464,47.6231561464,41.5834454619,13.7934655713,28.1967147465,5.3050914873,0.9332848238,6.9011357756,6.9011357756,6.3823389089,3.9439523995,5.3337781833,2.2258202914,1.1836400522,57,4.0430512678,4601,8.4340289502,3,0,0.3940447729,0.6059552271,0.5,0.1498433192,0.670523021,0,0,0,0,0,0,0,2179.25516321
57431875171.4443,99896.6368327804,47293.1292908029,35,199983,285.6740545372,13.1657010905,11486375034.2889,19979.3273665561,9458.6258581606,7,39996.6,57.1348109074,2.6331402181,17115179652.1571,29770.0341654425,12951.4862284723,15.0996688705,54766.2312588697,119.0725438391,8.0356481224,2093,0.0036405508,0.0602270996,0,1,-0.6227413048,-4.4068495763,38261080867,66551.079671185,23660.5748926662,34,100000,269.6864128291,16.4828985236,-1.6723159068,-1.6723159068,-2.2533307285,-0.9226685134,-2.2533332622,-0.9339625383,-1.1110936438,0.6024439997,0.6024439997,0.2921200347,1.0711284035,0.2921187339,1.062212148,0.8720046435,11,2.3978952728,574913,13.261974004,3,0,0.0036405508,0.9963594492,0.5,0.7019582648,0.0240778671,114,16.2857142857,17.9973543029,3,48,-1.4150537934,0.6136852425,422639.377177
459474.457611117,918.9489152222,324.0739861944,399.562690794,5271.1743585,748.3413112859,37.8917708954,91894.8915222234,183.7897830444,64.8147972389,79.9125381588,1054.2348717,149.6682622572,7.5783541791,82599.9038471057,165.1998076942,61.0207819501,54.7038782841,864.2490194239,200.9473646026,9.5388262098,10320.643909727,20.6412878195,6.7573217022,5.772400124,62.3965811,1.0039461366,-0.1942231412,226867.4352307,453.7348704614,156.1983226405,144.875817,1848.916667,374.0152545617,18.1702615994,-1.3719505492,-1.3719505492,-1.7055601063,-1.8676816907,-2.227156358,-2.2523287659,-2.2495436407,0.6531520783,0.6531520783,0.3623840161,-0.1303863162,-0.2639965224,0.2925047967,0.2862976568,5,1.6094379124,500,6.2146080984,0,0,1,1,1,0,0,1,1,0,1,1,0,0,35006.920223
34114.66,72.5843829787,24.2943639741,23.4,190.6,575.5128652954,57.2560077153,2436.7614285714,5.1845987842,1.7353117124,1.6714285714,13.6142857143,41.1080618068,4.0897148368,7785.4079727307,16.5646978143,3.6570657098,5.580762089,30.9745517666,80.9998061423,5.2862936322,2,0.0042553191,0.0651632256,0,1,-1.3546366842,-1.6718069439,29391,62.5340425532,11.7678571206,21,87,229.0138207527,15.1831005968,7.2690980202,7.2690980202,2.0104954929,7.2840650094,1.4383805299,1.1733767356,-0.0128128127,2.9425081416,2.9425081416,1.9166993792,2.9462387735,1.8189255604,1.708875271,1.1160699023,16,2.7725887222,470,6.1527326947,1,0,0.1489361702,0.8510638298,0.5,0.4964792293,0.4208593207,14,4.6666666667,2.0816659995,3,7,-2.3333333333,0.2874095068,0.0113167046
0,0,0,0,0,0,0,0,0,0,0,0,0,0,0,0,0,0,0,0,0,0,0,0,0,0,0,0,0,0,0,0,0,0,0,0,0,0,0,0,0,0,0,0,0,0,0,0,0,9,2.1972245773,958,6.864847778,0,0,0.3465553236,0.6534446764,0.5,0.2170035425,0.6452881308,29,2.9,0.316227766,2,3,3.57,-2.2768399153,12167.0878589
4499802.97337178,1037.059915504,300.7084850519,310.26785714,3047.3534287,100.0396604745,12.2506539405,899960.594674356,207.4119831008,60.1416970104,62.053571428,609.47068574,20.0079320949,2.4501307881,855087.253193103,197.0701205792,58.0321854314,68.6081072848,413.0012855805,17.6703074122,2.7938584057,108147.787668391,24.9245880775,11.0083029055,0,156.5084307,-0.4056035708,-0.7731200152,2317480.2200384,534.1046831156,154.495500005,164.625,1005.516129,40.976283026,5.2699716716,-1.3280992617,-1.3280992617,-1.4178223759,-1.7299322867,-2.2134871714,-2.0916496513,-2.1601706619,0.7200230741,0.7200230741,0.6359601596,0.3813895808,-0.1821403129,0.079985396,-0.0366300879,5,1.6094379124,4339,8.3753991858,0,0,1,1,1,0,0,1,1,0,1,1,0,0,12167.0878589
1068307,1428.2179144385,1498.5643222273,253,12723,39.9603867444,10.2443650218,213661.4,285.6435828877,299.7128644455,50.6,2544.6,7.9920773489,2.0488730044,457150.350084412,611.1635696316,648.5848562474,111.4710724807,5565.353429927,8.0768890902,1.1228976148,178,0.2379679144,0.4261243278,0,1,-0.4921909496,0.7464471529,1031250,1378.6764705882,1459.8267807725,250,12500,15.712082907,3.1983975462,-0.9214743032,-0.9214743032,-0.9206093888,-0.9201773341,-0.9201328097,-2.2046530628,-2.1415269116,1.0720943871,1.0720943871,1.0728058359,1.0731643328,1.0732010225,-0.0949511675,0.0382060639,4,1.3862943611,748,6.617402978,5,0,0.2379679144,0.7620320856,0.5,0.3705693292,0.5487262432,0,0,0,0,0,0,0,165.515935087
7,0.3684210526,0.4955946278,0,1,-1.8353779185,0.5030471786,7,0.3684210526,0.4955946278,0,1,-1.8353779185,0.5030471786,0,0,0,0,0,0,0,7,0.3684210526,0.4955946278,0,1,-1.8353779185,0.5030471786,7,0.3684210526,0.4955946278,0,1,-1.8353779185,0.5030471786,0,0,0,0,0,0,0,0,0,0,0,0,0,0,4,1.3862943611,19,2.9444389792,0,0,0.3684210526,0.6315789474,0.5,0.1860807319,0.6581099875,8,2,0,2,2,0,0,1809.21803094
6,0.4,0.5070925528,0,1,-1.9837037037,0.3681116309,6,0.4,0.5070925528,0,1,-1.9837037037,0.3681116309,0,0,0,0,0,0,0,6,0.4,0.5070925528,0,1,-1.9837037037,0.3681116309,6,0.4,0.5070925528,0,1,-1.9837037037,0.3681116309,0,0,0,0,0,0,0,0,0,0,0,0,0,0,4,1.3862943611,15,2.7080502011,0,0,0.4,0.6,0.5,0.1414213562,0.673011667,8,2,0,2,2,0,0,12167.0878589
